title,site,type,directorAndActor,quote,star,date,url
肖申克的救赎 / 月黑高飞(港)  /  刺激1995(台),美国,犯罪 剧情,导演:弗兰克·德拉邦特FrankDarabont   主演:蒂姆·罗宾斯TimRobbins/...,希望让人自由。,9.6,1994,https://movie.douban.com/subject/1292052/
控方证人 / 雄才伟略  /  情妇,美国,剧情 犯罪 悬疑,导演:比利·怀尔德BillyWilder   主演:查尔斯·劳顿CharlesLaughton/...,比利·怀德满分作品。,9.6,1957,https://movie.douban.com/subject/1296141/
霸王别姬 / 再见，我的妾  /  Farewell My Concubine,中国大陆 香港,剧情 爱情 同性,导演:陈凯歌KaigeChen   主演:张国荣LeslieCheung/张丰毅FengyiZha...,风华绝代。,9.5,1993,https://movie.douban.com/subject/1291546/
美丽人生 / 一个快乐的传说(港)  /  Life Is Beautiful,意大利,剧情 喜剧 爱情 战争,导演:罗伯托·贝尼尼RobertoBenigni   主演:罗伯托·贝尼尼RobertoBeni...,最美的谎言。,9.5,1997,https://movie.douban.com/subject/1292063/
这个杀手不太冷 / 杀手莱昂  /  终极追杀令(台),法国,剧情 动作 犯罪,导演:吕克·贝松LucBesson   主演:让·雷诺JeanReno/娜塔莉·波特曼...,怪蜀黍和小萝莉不得不说的故事。,9.4,1994,https://movie.douban.com/subject/1295644/
阿甘正传 / 福雷斯特·冈普,美国,剧情 爱情,导演:RobertZemeckis   主演:TomHanks/RobinWrightPenn/GarySinise,一部美国近现代史。,9.4,1994,https://movie.douban.com/subject/1292720/
辛德勒的名单 / 舒特拉的名单(港)  /  辛德勒名单,美国,剧情 历史 战争,导演:史蒂文·斯皮尔伯格StevenSpielberg   主演:连姆·尼森LiamNeeson...,拯救一个人，就是拯救整个世界。,9.4,1993,https://movie.douban.com/subject/1295124/
十二怒汉 / 12怒汉  /  十二怒汉,美国,剧情,导演:SidneyLumet   主演:亨利·方达HenryFonda/马丁·鲍尔萨姆Marti...,1957年的理想主义。 ,9.4,1957,https://movie.douban.com/subject/1293182/
盗梦空间 / 潜行凶间(港)  /  全面启动(台),美国 英国,剧情 动作 科幻 悬疑 冒险,导演:克里斯托弗·诺兰ChristopherNolan   主演:莱昂纳多·迪卡普里奥Le...,诺兰给了我们一场无法盗取的梦。,9.3,2010,https://movie.douban.com/subject/3541415/
机器人总动员 / 瓦力(台)  /  太空奇兵·威E(港),美国,喜剧 科幻 动画,导演:安德鲁·斯坦顿AndrewStanton   主演:本·贝尔特BenBurtt/艾丽...,小瓦力，大人生。,9.3,2008,https://movie.douban.com/subject/2131459/
海豚湾 / 血色海湾(台)  /  海湾,美国,纪录片,导演:LouiePsihoyos   主演:JohnChisholm/Mandy-RaeCruikshank/Char...,海豚的微笑，是世界上最高明的伪装。,9.3,2009,https://movie.douban.com/subject/3442220/
千与千寻 / 神隐少女(台)  /  Spirited Away,日本,剧情 动画 奇幻,导演:宫崎骏HayaoMiyazaki   主演:柊瑠美RumiHîragi/入野自由Miy...,最好的宫崎骏，最好的久石让。 ,9.2,2001,https://movie.douban.com/subject/1291561/
泰坦尼克号 / 铁达尼号(港 / 台),美国,剧情 爱情 灾难,导演:詹姆斯·卡梅隆JamesCameron   主演:莱昂纳多·迪卡普里奥Leonardo...,失去的才是永恒的。 ,9.2,1997,https://movie.douban.com/subject/1292722/
海上钢琴师 / 声光伴我飞(港)  /  一九零零的传奇,意大利,剧情 音乐,导演:朱塞佩·托纳多雷GiuseppeTornatore   主演:蒂姆·罗斯TimRoth/...,每个人都要走一条自己坚定了的路，就算是粉身碎骨。 ,9.2,1998,https://movie.douban.com/subject/1292001/
三傻大闹宝莱坞 / 三个傻瓜(台)  /  作死不离3兄弟(港),印度,剧情 喜剧 爱情 歌舞,导演:拉库马·希拉尼RajkumarHirani   主演:阿米尔·汗AamirKhan/卡...,英俊版憨豆，高情商版谢耳朵。,9.2,2009,https://movie.douban.com/subject/3793023/
忠犬八公的故事 / 忠犬小八(台)  /  秋田犬八千(港),美国 英国,剧情,导演:莱塞·霍尔斯道姆LasseHallström   主演:理查·基尔RichardGer...,永远都不能忘记你所爱的人。,9.2,2009,https://movie.douban.com/subject/3011091/
放牛班的春天 / 歌声伴我心(港)  /  唱诗班男孩,法国 瑞士 德国,剧情 音乐,导演:克里斯托夫·巴拉蒂ChristopheBarratier   主演:杰拉尔·朱诺Géra...,天籁一般的童声，是最接近上帝的存在。 ,9.2,2004,https://movie.douban.com/subject/1291549/
大话西游之大圣娶亲 / 西游记完结篇仙履奇缘  /  齐天大圣西游记,香港 中国大陆,喜剧 爱情 奇幻 冒险,导演:刘镇伟JeffreyLau   主演:周星驰StephenChow/吴孟达ManTatNg...,一生所爱。,9.2,1995,https://movie.douban.com/subject/1292213/
教父 / Mario Puzo's The Godfather,美国,剧情 犯罪,导演:弗朗西斯·福特·科波拉FrancisFordCoppola   主演:马龙·白兰度M...,千万不要记恨你的对手，这样会让你失去理智。,9.2,1972,https://movie.douban.com/subject/1291841/
乱世佳人 / 飘,美国,剧情 历史 爱情 战争,导演:维克多·弗莱明VictorFleming/乔治·库克GeorgeCukor   主演:托...,Tomorrow is another day.,9.2,1939,https://movie.douban.com/subject/1300267/
熔炉 / 无声呐喊(港)  /  漩涡,韩国,剧情,导演:黄东赫Dong-hyukHwang   主演:孔侑YooGong/郑有美Yu-miJeong...,我们一路奋战不是为了改变世界，而是为了不让世界改变我们。,9.2,2011,https://movie.douban.com/subject/5912992/
星际穿越 / 星际启示录(港)  /  星际效应(台),美国 英国 加拿大 冰岛,剧情 科幻 冒险,导演:克里斯托弗·诺兰ChristopherNolan   主演:马修·麦康纳MatthewMc...,爱是一种力量，让我们超越时空感知它的存在。,9.2,2014,https://movie.douban.com/subject/1889243/
鬼子来了 / Devils on the Doorstep,中国大陆,剧情 战争,导演:姜文WenJiang   主演:姜文WenJiang/香川照之TeruyukiKagawa/...,对敌人的仁慈，就是对自己残忍。,9.2,2000,https://movie.douban.com/subject/1291858/
疯狂动物城 / 优兽大都会(港)  /  动物方城市(台),美国,喜剧 动画 冒险,导演:拜伦·霍华德ByronHoward/瑞奇·摩尔RichMoore   主演:金妮弗·...,迪士尼给我们营造的乌托邦就是这样，永远善良勇敢，永远出乎意料。,9.2,2016,https://movie.douban.com/subject/25662329/
小鞋子 / 天堂的孩子  /  小童鞋,伊朗,剧情 家庭 儿童,导演:马基德·马基迪MajidMajidi   主演:AmirFarrokhHashemian/默罕...,奔跑的孩子是天使。,9.2,1997,https://movie.douban.com/subject/1303021/
大闹天宫 / 大闹天宫 上下集  /  The Monkey King,中国大陆,动画 奇幻,导演:万籁鸣LaimingWan/唐澄ChengTang   主演:邱岳峰YuefengQiu/...,经典之作，历久弥新。,9.2,1961(中国大陆) / 1964(中国大陆) / 1978(中国大陆) / 2004(中国大陆),https://movie.douban.com/subject/1418019/
"摩登时代 / The Masses  /  Temps modernes, Les",美国,喜剧 剧情 爱情,导演:查理·卓别林CharlesChaplin   主演:查理·卓别林CharlesChaplin...,大时代中的人生，小人物的悲喜。,9.2,1936,https://movie.douban.com/subject/1294371/
七武士 / 七侠四义(港)  /  The Seven Samurai,日本,动作 冒险 剧情,导演:黑泽明AkiraKurosawa   主演:三船敏郎ToshirôMifune/志村乔...,时代悲歌。,9.2,1954,https://movie.douban.com/subject/1295399/
东京物语 / 东京故事  /  Tokyo Story,日本,剧情 家庭,导演:小津安二郎YasujirôOzu   主演:笠智众ChishûRyû/原节...,东京那么大，如果有一天走失了，恐怕一辈子不能再相见。,9.2,1953,https://movie.douban.com/subject/1291568/
城市之光 / City Lights: A Comedy Romance in Pantomime  /  Lichter der Großstadt,美国,喜剧 剧情 爱情,导演:CharlesChaplin   主演:查理·卓别林CharlesChaplin/弗吉尼亚·...,永远的小人物，伟大的卓别林。,9.2,1931,https://movie.douban.com/subject/1293908/
龙猫 / 邻家的豆豆龙  /  隔壁的特特罗,日本,儿童 动画 奇幻 家庭,导演:宫崎骏HayaoMiyazaki   主演:日高法子NorikoHidaka/坂本千夏Ch...,人人心中都有个龙猫，童年就永远不会消失。,9.1,1988,https://movie.douban.com/subject/1291560/
楚门的世界 / 真人Show(港)  /  真人戏,美国,剧情 科幻,导演:彼得·威尔PeterWeir   主演:金·凯瑞JimCarrey/劳拉·琳妮Lau...,如果再也不能见到你，祝你早安，午安，晚安。,9.1,1998,https://movie.douban.com/subject/1292064/
触不可及 / 闪亮人生(港)  /  逆转人生(台),法国,剧情 喜剧,导演:奥利维·那卡什OlivierNakache/艾力克·托兰达EricToledano   主...,满满温情的高雅喜剧。,9.1,2011,https://movie.douban.com/subject/6786002/
天堂电影院 / 星光伴我心(港)  /  新天堂乐园(台),意大利 法国,剧情 爱情,导演:朱塞佩·托纳多雷GiuseppeTornatore   主演:安东娜拉·塔莉Antonel...,那些吻戏，那些青春，都在影院的黑暗里被泪水冲刷得无比清晰。,9.1,1988,https://movie.douban.com/subject/1291828/
指环王3：王者无敌 / 魔戒三部曲：王者再临(台 / 港) ,美国 新西兰,剧情 动作 奇幻 冒险,导演:彼得·杰克逊PeterJackson   主演:维果·莫腾森ViggoMortensen/...,史诗的终章。,9.1,2003,https://movie.douban.com/subject/1291552/
活着 / 人生  /  Lifetimes,中国大陆 香港,剧情 历史 家庭,导演:张艺谋YimouZhang   主演:葛优YouGe/巩俐LiGong/姜武WuJiang,张艺谋最好的电影。,9.1,1994,https://movie.douban.com/subject/1292365/
两杆大烟枪 / 够姜四小强(港)  /  两根枪管(台),英国,剧情 喜剧 犯罪,导演:GuyRitchie   主演:JasonFlemyng/DexterFletcher/NickMoran,4个臭皮匠顶个诸葛亮，盖·里奇果然不是盖的。,9.1,1998,https://movie.douban.com/subject/1293350/
窃听风暴 / 他人的生活  /  别人的生活,德国,剧情 悬疑,导演:弗洛里安·亨克尔·冯·多纳斯马FlorianHenckelvonDonnersmarck   ...,别样人生。,9.1,2006,https://movie.douban.com/subject/1900841/
教父2 / 教父续集  /  教父II,美国,剧情 犯罪,导演:弗朗西斯·福特·科波拉FrancisFordCoppola   主演:阿尔·帕西诺A...,优雅的孤独。,9.1,1974,https://movie.douban.com/subject/1299131/
辩护人 / 逆权大状(港)  /  正义辩护人(台),韩国,剧情,导演:杨宇硕Woo-seokYang   主演:宋康昊Kang-hoSong/吴达洙Dal-suO...,电影的现实意义大过电影本身。,9.1,2013,https://movie.douban.com/subject/21937445/
饮食男女 / Eat Drink Man Woman,台湾 美国,剧情 家庭,导演:李安AngLee   主演:吴倩莲Chien-lienWu/杨贵媚Kuei-MeiYang/...,人生不能像做菜，把所有的料都准备好了才下锅。,9.1,1994,https://movie.douban.com/subject/1291818/
美国往事 / 四海兄弟(台)  /  义薄云天(港),意大利 美国,犯罪 剧情,导演:赛尔乔·莱翁内SergioLeone   主演:罗伯特·德尼罗RobertDeNiro...,往事如烟，无处祭奠。,9.1,1984,https://movie.douban.com/subject/1292262/
素媛 / 许愿  /  希望：为爱重生(台),韩国,剧情,导演:李濬益Jun-ikLee   主演:薛景求Kyung-guSol/严志媛Ji-wonUhm...,受过伤害的人总是笑得最开心，因为他们不愿意让身边的人承受一样的痛苦。,9.1,2013,https://movie.douban.com/subject/21937452/
摔跤吧！爸爸 / 我和我的冠军女儿(台)  /  打死不离3父女(港),印度,剧情 传记 运动 家庭,导演:涅提·蒂瓦里NiteshTiwari   主演:阿米尔·汗AamirKhan/法缇玛...,,9.1,2016,https://movie.douban.com/subject/26387939/
迁徙的鸟 / 鸟的迁徙  /  鸟与梦飞行,法国 德国 意大利 西班牙 瑞士,纪录片,导演:雅克·贝汉JacquesPerrin/雅克·克鲁奥德JacquesCluzaud   主演:...,最美的飞翔。,9.1,2001,https://movie.douban.com/subject/1292281/
黄金三镖客 / 好·坏·丑  /  独行侠决斗地狱门(港),意大利 西班牙 西德,冒险 西部,导演:SergioLeone   主演:ClintEastwood/EliWallach/LeeVanCleef,最棒的西部片。,9.1,1966,https://movie.douban.com/subject/1401118/
无间道 / Infernal Affairs  /  Mou gaan dou,香港,剧情 犯罪 悬疑,导演:刘伟强/麦兆辉   主演:刘德华/梁朝伟/黄秋生,香港电影史上永不过时的杰作。,9.0,2002,https://movie.douban.com/subject/1307914/
搏击俱乐部 / 搏击会(港)  /  斗阵俱乐部(台),美国 德国,剧情 动作 悬疑 惊悚,导演:大卫·芬奇DavidFincher   主演:爱德华·诺顿EdwardNorton/布拉...,邪恶与平庸蛰伏于同一个母体，在特定的时间互相对峙。,9.0,1999,https://movie.douban.com/subject/1292000/
少年派的奇幻漂流 / 少年Pi的奇幻漂流  /  漂流少年Pi,美国 台湾 英国 加拿大,剧情 奇幻 冒险,导演:李安AngLee   主演:苏拉·沙玛SurajSharma/拉菲·斯波RafeSpa...,瑰丽壮观、无人能及的冒险之旅。,9.0,2012,https://movie.douban.com/subject/1929463/
蝙蝠侠：黑暗骑士 / 蝙蝠侠前传2：黑暗骑士  /  黑暗骑士(台),美国 英国,剧情 动作 科幻 犯罪 惊悚,导演:克里斯托弗·诺兰ChristopherNolan   主演:克里斯蒂安·贝尔Christ...,无尽的黑暗。,9.0,2008,https://movie.douban.com/subject/1851857/
天空之城 / Tenkû no shiro Rapyuta  /  Laputa: Castle in the Sky,日本,动画 奇幻 冒险,导演:宫崎骏HayaoMiyazaki   主演:田中真弓MayumiTanaka/横泽启子Ke...,对天空的追逐，永不停止。 ,9.0,1986,https://movie.douban.com/subject/1291583/
飞越疯人院 / 飞越杜鹃窝  /  飞越喜鹊巢,美国,剧情,导演:米洛斯·福尔曼MilošForman   主演:杰克·尼科尔森JackNichols...,自由万岁。,9.0,1975,https://movie.douban.com/subject/1292224/
指环王2：双塔奇兵 / 魔戒二部曲：双城奇谋  /  指环王II：双塔,美国 新西兰,剧情 动作 奇幻 冒险,导演:彼得·杰克逊PeterJackson   主演:伊利亚·伍德ElijahWood/西恩...,承前启后的史诗篇章。,9.0,2002,https://movie.douban.com/subject/1291572/
钢琴家 / 战地琴人  /  钢琴战曲,法国 德国 英国 波兰,剧情 传记 历史 战争,导演:罗曼·波兰斯基RomanPolanski   主演:艾德里安·布洛迪AdrienBrod...,音乐能化解仇恨。,9.0,2002,https://movie.douban.com/subject/1296736/
狩猎 / 谎言的烙印(台)  /  诬网(港),丹麦 瑞典,剧情,导演:托马斯·温特伯格ThomasVinterberg   主演:麦斯·米科尔森MadsMik...,人言可畏。,9.0,2012,https://movie.douban.com/subject/6985810/
海洋 / Oceans  /  海洋,法国 瑞士 西班牙 美国 阿联酋,纪录片,导演:雅克·贝汉JacquesPerrin/雅克·克鲁奥德JacquesCluzaud   主演:...,大海啊，不全是水。,9.0,2009,https://movie.douban.com/subject/3443389/
完美的世界 / 强盗保镳,美国,剧情 犯罪,导演:克林特·伊斯特伍德ClintEastwood   主演:凯文·科斯特纳KevinCos...,坏人的好总是比好人的好来得更感人。,9.0,1993,https://movie.douban.com/subject/1300992/
忠犬八公物语 / 八千公物语  /  阿八的故事,日本,剧情,导演:SeijirôKôyama   主演:山本圭KeiYamamoto/井川比佐志Hisa...,养狗三日，便会对你终其一生。,9.0,1987,https://movie.douban.com/subject/1959195/
无人知晓 / 谁知赤子心  /  无人知晓的夏日清晨,日本,剧情,导演:是枝裕和HirokazuKoreeda   主演:柳乐优弥YûyaYagira/北浦爱...,我的平常生活就是他人的幸福。,9.0,2004,https://movie.douban.com/subject/1292337/
爱·回家 / 外婆的家  /  回家路上,韩国,剧情 家庭,导演:李廷香Jeong-hyangLee   主演:金艺芬Eul-boonKim/俞承豪Seung-...,献给所有外婆的电影。,9.0,2002,https://movie.douban.com/subject/1299361/
我爱你 / 爱你  /  Late Blossom,韩国,剧情 爱情,导演:秋昌民Chang-minChoo   主演:宋在河Jae-hoSong/李顺载Soon-jae...,你要相信，这世上真的有爱存在，不管在什么年纪 ,9.0,2011,https://movie.douban.com/subject/5908478/
当幸福来敲门 / 寻找快乐的故事(港)  /  追求快乐,美国,剧情 传记 家庭,导演:加布里尔·穆奇诺GabrieleMuccino   主演:威尔·史密斯WillSmith...,平民励志片。 ,8.9,2006,https://movie.douban.com/subject/1849031/
怦然心动 / 萌动青春  /  青春萌动,美国,剧情 喜剧 爱情,导演:罗伯·莱纳RobReiner   主演:玛德琳·卡罗尔MadelineCarroll/卡...,真正的幸福是来自内心深处。,8.9,2010,https://movie.douban.com/subject/3319755/
罗马假日 / 金枝玉叶(港)  /  罗马假期(台),美国,喜剧 剧情 爱情,导演:威廉·惠勒WilliamWyler   主演:奥黛丽·赫本AudreyHepburn/格...,爱情哪怕只有一天。,8.9,1953,https://movie.douban.com/subject/1293839/
大话西游之月光宝盒 / 西游记101回月光宝盒  /  齐天大圣东游记,香港 中国大陆,喜剧 爱情 奇幻 冒险,导演:刘镇伟JeffreyLau   主演:周星驰StephenChow/吴孟达ManTatNg...,旷古烁今。,8.9,1995,https://movie.douban.com/subject/1299398/
飞屋环游记 / 冲天救兵(港)  /  天外奇迹(台),美国,剧情 喜剧 动画 冒险,导演:彼特·道格特PeteDocter/鲍勃·彼德森BobPeterson   主演:爱德...,最后那些最无聊的事情，才是最值得怀念的。 ,8.9,2009,https://movie.douban.com/subject/2129039/
闻香识女人 / 女人香  /  女人的芳香,美国,剧情,导演:马丁·布莱斯MartinBrest   主演:阿尔·帕西诺AlPacino/克里斯...,史上最美的探戈。,8.9,1992,https://movie.douban.com/subject/1298624/
哈尔的移动城堡 / 呼啸山城  /  霍尔的移动城堡,日本,爱情 动画 奇幻 冒险,导演:宫崎骏HayaoMiyazaki   主演:倍赏千惠子ChiekoBaishô/木村拓...,带着心爱的人在天空飞翔。,8.9,2004,https://movie.douban.com/subject/1308807/
死亡诗社 / 暴雨骄阳(港)  /  春风化雨(台),美国,剧情,导演:彼得·威尔PeterWeir   主演:罗宾·威廉姆斯RobinWilliams/罗伯...,当一个死水般的体制内出现一个活跃的变数时，所有的腐臭都站在了光明的对面。,8.9,1989,https://movie.douban.com/subject/1291548/
美丽心灵 / 有你终生美丽(港)  /  美丽境界(台),美国,传记 剧情,导演:朗·霍华德RonHoward   主演:罗素·克劳RussellCrowe/詹妮弗·...,爱是一切逻辑和原由。,8.9,2001,https://movie.douban.com/subject/1306029/
指环王1：魔戒再现 / 魔戒首部曲：魔戒现身  /  指环王I：护戒使者,新西兰 美国,剧情 动作 奇幻 冒险,导演:彼得·杰克逊PeterJackson   主演:伊利亚·伍德ElijahWood/西恩...,传说的开始。,8.9,2001,https://movie.douban.com/subject/1291571/
狮子王 / 狮子王3D,美国,剧情 动画 冒险 歌舞 家庭,导演:RogerAllers/罗伯·明可夫RobMinkoff   主演:乔纳森·泰勒·托马...,动物版《哈姆雷特》。,8.9,1994,https://movie.douban.com/subject/1301753/
被嫌弃的松子的一生 / 花样奇缘(港)  /  令人讨厌的松子的一生(台),日本,剧情 歌舞,导演:中岛哲也TetsuyaNakashima   主演:中谷美纪MikiNakatani/瑛太E...,以戏谑来戏谑戏谑。,8.9,2006,https://movie.douban.com/subject/1787291/
音乐之声 / 仙乐飘飘处处闻(港)  /  真善美(台),美国,剧情 传记 爱情 歌舞,导演:RobertWise   主演:朱丽·安德鲁斯JulieAndrews/克里斯托弗·普...,用音乐化解仇恨，让歌声串起美好。,8.9,1965,https://movie.douban.com/subject/1294408/
拯救大兵瑞恩 / 雷霆救兵(港)  /  抢救雷恩大兵(台),美国,剧情 历史 战争,导演:史蒂文·斯皮尔伯格StevenSpielberg   主演:汤姆·汉克斯TomHanks...,美利坚精神输出大片No1.,8.9,1998,https://movie.douban.com/subject/1292849/
玛丽和马克思 / 巧克力情缘(台)  /  同是天涯寂寞客,澳大利亚,剧情 动画,导演:亚当·艾略特AdamElliot   主演:托妮·科莱特ToniCollette/菲利...,你是我最好的朋友，你是我唯一的朋友 。,8.9,2009,https://movie.douban.com/subject/3072124/
末代皇帝 / 末代皇帝溥仪(港),意大利 中国大陆 英国 法国,剧情 传记 历史,导演:贝纳尔多·贝托鲁奇BernardoBertolucci   主演:尊龙JohnLone/陈...,“不要跟我比惨，我比你更惨”再适合这部电影不过了。,8.9,1987,https://movie.douban.com/subject/1293172/
一一 / Yi yi  /  Yi yi: A One and a Two,台湾 日本,剧情 爱情 家庭,导演:杨德昌EdwardYang   主演:吴念真/李凯莉KellyLee/金燕玲Elai...,我们都曾经是一一。,8.9,2000,https://movie.douban.com/subject/1292434/
上帝之城 / 无主之城 (港)  /  无法无天 (台),巴西 法国,犯罪 剧情,导演:KátiaLund/FernandoMeirelles   主演:AlexandreRodrigues/Lea...,被上帝抛弃了的上帝之城。,8.9,2002,https://movie.douban.com/subject/1292208/
穿条纹睡衣的男孩 / 穿条纹衣服的男孩  /  穿条纹衣的男孩,英国 美国,剧情 战争,导演:马克·赫门MarkHerman   主演:阿沙·巴特菲尔德AsaButterfield/...,尽管有些不切实际的幻想，这部电影依旧是一部感人肺腑的佳作。,8.9,2008,https://movie.douban.com/subject/3008247/
红辣椒 / 盗梦侦探  /  帕布莉卡,日本,动画 悬疑 科幻 惊悚,导演:今敏SatoshiKon   主演:林原惠美MegumiHayashibara/古谷彻T...,梦的勾结。,8.9,2006,https://movie.douban.com/subject/1865703/
小森林 夏秋篇 / 小森食光 / 夏秋篇(台) ,日本,剧情,导演:森淳一JunichiMori   主演:桥本爱AiHashimoto/三浦贵大Takahir...,那些静得只能听见呼吸的日子里，你明白孤独即生活。,8.9,2014,https://movie.douban.com/subject/25814705/
虎口脱险 / 横冲直撞出重围(港)  /  大進擊(台),法国 英国,喜剧 战争,导演:杰拉尔·乌里GérardOury   主演:路易·德·菲耐斯LouisdeFunès...,永远看不腻的喜剧。,8.9,1966,https://movie.douban.com/subject/1296909/
雨中曲 / 雨中情  /  万花嬉春,美国,喜剧 歌舞 爱情,导演:StanleyDonen/GeneKelly   主演:GeneKelly/DonaldO'Connor/...,骨灰级歌舞片。,8.9,1952,https://movie.douban.com/subject/1293460/
小森林 冬春篇 / 小森食光 / 冬春篇(台) ,日本,剧情,导演:森淳一JunichiMori   主演:桥本爱AiHashimoto/三浦贵大Takahir...,尊敬他人，尊敬你生活的这片土地，明白孤独是人生的常态。,8.9,2015,https://movie.douban.com/subject/25814707/
追随 / 致命追踪  /  跟踪,英国,犯罪 悬疑 惊悚,导演:克里斯托弗·诺兰ChristopherNolan   主演:杰里米·西奥伯德Jeremy...,诺兰的牛逼来源于内心散发出的恐惧。,8.9,1998,https://movie.douban.com/subject/1397546/
惊魂记 / 精神病患者  /  触目惊心,美国,悬疑 惊悚 恐怖,导演:AlfredHitchcock   主演:JanetLeigh/AnthonyPerkins/VeraMiles,故事的反转与反转，分裂电影的始祖。,8.9,1960,https://movie.douban.com/subject/1293181/
哪吒闹海 / Prince Nezha's Triumph Against Dragon King  /  Nezha nao hai,中国大陆,冒险 动画 奇幻,导演:严定宪DingxianYan/王树忱ShuchenWang   主演:梁正晖Zhenghui...,想你时你在闹海。,8.9,1979,https://movie.douban.com/subject/1307315/
勇士 / 勇者无敌(台)  /  钢铁斗士(港),美国,剧情 运动 家庭,导演:加文·欧康诺GavinO'Connor   主演:汤姆·哈迪TomHardy/乔尔·...,热血沸腾，相当完美的娱乐拳击大餐。,8.9,2011,https://movie.douban.com/subject/3217169/
V字仇杀队 / V煞(港)  /  V怪客(台),美国 英国 德国,剧情 动作 科幻 惊悚,导演:詹姆斯·麦克特格JamesMcTeigue   主演:娜塔莉·波特曼NataliePor...,一张面具背后的理想与革命。,8.8,2005,https://movie.douban.com/subject/1309046/
情书 / When I Close My Eyes  /  Letters of Love,日本,剧情 爱情,导演:岩井俊二ShunjiIwai   主演:中山美穗MihoNakayama/丰川悦司Ets...,暗恋的极致。,8.8,1995,https://movie.douban.com/subject/1292220/
致命魔术 / 顶尖对决(台)  /  死亡魔法(港),美国 英国,剧情 悬疑 惊悚,导演:克里斯托弗·诺兰ChristopherNolan   主演:克里斯蒂安·贝尔Christ...,孪生蝙蝠侠大战克隆金刚狼。,8.8,2006,https://movie.douban.com/subject/1780330/
勇敢的心 / 惊世未了缘(港)  /  梅尔吉勃逊之英雄本色(台),美国,动作 传记 剧情 历史 战争,导演:梅尔·吉布森MelGibson   主演:梅尔·吉布森MelGibson/苏菲·玛...,史诗大片的典范。,8.8,1995,https://movie.douban.com/subject/1294639/
低俗小说 / 黑色追緝令(台)  /  危险人物(港),美国,剧情 喜剧 犯罪,导演:昆汀·塔伦蒂诺QuentinTarantino   主演:约翰·特拉沃尔塔JohnTra...,故事的高级讲法。,8.8,1994,https://movie.douban.com/subject/1291832/
黑客帝国 / 廿二世纪杀人网络(港)  /  骇客任务(台),美国 澳大利亚,动作 科幻,导演:安迪·沃卓斯基AndyWachowski/拉娜·沃卓斯基LanaWachowski   主...,视觉革命。,8.8,1999,https://movie.douban.com/subject/1291843/
入殓师 / 礼仪师之奏鸣曲(港)  /  礼仪师(台),日本,剧情,导演:泷田洋二郎YôjirôTakita   主演:本木雅弘MasahiroMotoki/...,死可能是一道门，逝去并不是终结，而是超越，走向下一程。,8.8,2008,https://movie.douban.com/subject/2149806/
春光乍泄 / 一起快乐  /  Happy Together,香港 日本 韩国,剧情 爱情 同性,导演:王家卫KarWaiWong   主演:张国荣LeslieCheung/梁朝伟TonyLeu...,爱情纠缠，男女一致。,8.8,1997,https://movie.douban.com/subject/1292679/
心灵捕手 / 骄阳似我(港)  /  心灵捕手,美国,剧情,导演:格斯·范·桑特GusVanSant   主演:马特·达蒙MattDamon/罗宾·...,人生中应该拥有这样的一段豁然开朗。,8.8,1997,https://movie.douban.com/subject/1292656/
幽灵公主 / 魔法公主  /  幽灵少女,日本,动作 爱情 战争 动画 奇幻 冒险,导演:宫崎骏HayaoMiyazaki   主演:松田洋治YôjiMatsuda/石田百合...,人与自然的战争史诗。,8.8,1997,https://movie.douban.com/subject/1297359/
第六感 / 灵异第六感  /  鬼眼,美国,剧情 悬疑 惊悚,导演:M·奈特·沙马兰M.NightShyamalan   主演:布鲁斯·威利斯BruceWi...,深入内心的恐怖，出人意料的结局。,8.8,1999,https://movie.douban.com/subject/1297630/
甜蜜蜜 / Comrades: Almost a Love Story,香港,剧情 爱情,导演:陈可辛PeterChan   主演:黎明LeonLai/张曼玉MaggieCheung/...,相逢只要一瞬间，等待却像是一辈子。,8.8,1996,https://movie.douban.com/subject/1305164/
布达佩斯大饭店 / 布达佩斯大酒店(港)  /  欢迎来到布达佩斯大饭店(台),美国 德国 英国,剧情 喜剧,导演:韦斯·安德森WesAnderson   主演:拉尔夫·费因斯RalphFiennes/...,小清新的故事里注入了大历史的情怀。,8.8,2014,https://movie.douban.com/subject/11525673/
阳光姐妹淘 / 阳光姊妹淘(港)  /  桑尼,韩国,剧情 喜剧,导演:姜炯哲Hyeong-CheolKang   主演:沈恩京Eun-kyungShim/闵孝琳Hy...,再多各自牛逼的时光，也比不上一起傻逼的岁月。 ,8.8,2011,https://movie.douban.com/subject/4917726/
风之谷 / 风谷少女  /  Kaze no tani no Naushika,日本,科幻 动画 奇幻 冒险,导演:宫崎骏HayaoMiyazaki   主演:岛本须美SumiShimamoto/松田洋治Y...,动画片的圣经。,8.8,1984,https://movie.douban.com/subject/1291585/
侧耳倾听 / 心之谷  /  梦幻街少女,日本,剧情 爱情 动画 音乐,导演:近藤喜文YoshifumiKondo   主演:本名阳子YoukoHonna/小林桂树K...,少女情怀总是诗。,8.8,1995,https://movie.douban.com/subject/1297052/
超脱 / 人间师格(台),美国,剧情,导演:托尼·凯耶TonyKaye   主演:艾德里安·布洛迪AdrienBrody/马西...,穷尽一生，我们要学会的，不过是彼此拥抱。,8.8,2011,https://movie.douban.com/subject/5322596/
喜宴 / The Wedding Banquet,台湾 美国,剧情 喜剧 爱情 同性 家庭,导演:李安   主演:赵文瑄/归亚蕾/金素梅,中国家庭的喜怒哀乐忍。,8.8,1993,https://movie.douban.com/subject/1303037/
卢旺达饭店 / 卢安达饭店(台),英国 南非 意大利 美国,剧情 历史 战争,导演:特瑞·乔治TerryGeorge   主演:唐·钱德尔DonCheadle/苏菲·奥...,当这个世界闭上双眼，他却敞开了怀抱。,8.8,2004,https://movie.douban.com/subject/1291822/
魂断蓝桥 / 滑铁卢桥  /  断桥残梦,美国,剧情 战争 爱情,导演:MervynLeRoy   主演:VivienLeigh/RobertTaylor/LucileWatson,中国式内在的美国电影。,8.8,1940,https://movie.douban.com/subject/1293964/
教父3 / 教父第三集  /  教父 III,美国,剧情 犯罪,导演:弗朗西斯·福特·科波拉FrancisFordCoppola   主演:阿尔·帕西诺A...,任何信念的力量，都无法改变命运。,8.8,1990,https://movie.douban.com/subject/1294240/
玩具总动员3 / 反斗奇兵3(港)  /  玩具的故事3,美国,喜剧 动画 奇幻 冒险,导演:李·昂克里奇LeeUnkrich   主演:汤姆·汉克斯TomHanks/蒂姆·艾...,跨度十五年的欢乐与泪水。,8.8,2010,https://movie.douban.com/subject/1858711/
荒蛮故事 / 蛮荒故事  /  生命中最抓狂的小事(台),阿根廷 西班牙,剧情 喜剧 犯罪,导演:达米安·斯兹弗隆DamiánSzifron   主演:达里奥·葛兰帝内提Darío...,始于荒诞，止于更荒诞。,8.8,2014,https://movie.douban.com/subject/24750126/
我是山姆 / 不一样的爸爸(港)  /  他不笨，他是我爸爸(台),美国,剧情 家庭,导演:杰茜·尼尔森JessieNelson   主演:SeanPenn/DakotaFanning/Mi...,爱并不需要智商 。,8.8,2001,https://movie.douban.com/subject/1306861/
二十二 / Twenty Two  /  22,中国大陆,纪录片,导演:郭柯KeGuo   主演:,有一些东西不应该被遗忘。,8.8,2015,https://movie.douban.com/subject/26430107/
未麻的部屋 / 蓝色的恐惧  /  蓝色恐惧,日本,动画 奇幻 惊悚,导演:今敏SatoshiKon   主演:岩男润子JunkoIwao/松本梨香RicaMatsu...,好的剧本是，就算你猜到了结局也猜不到全部。,8.8,1997,https://movie.douban.com/subject/1395091/
地球上的星星 / 心中的小星星(台)  /  每一个孩子都是特别的,印度,剧情 儿童 家庭,导演:阿米尔·汗AamirKhan   主演:达席尔·萨法瑞DarsheelSafary/阿...,天使保护事件始末。,8.8,2007,https://movie.douban.com/subject/2363506/
房间 / 不存在的房间(台)  /  抖室(港),爱尔兰 加拿大 英国 美国,剧情 家庭,导演:伦尼·阿伯拉罕森LennyAbrahamson   主演:布丽·拉尔森BrieLarson...,被偷走的岁月，被伤害的生命，被禁锢的灵魂，终将被希望和善意救赎。,8.8,2015,https://movie.douban.com/subject/25724855/
爱在午夜降临前 / 爱在午夜希腊时(台)  /  情约半生(港),美国,剧情 爱情,导演:理查德·林克莱特RichardLinklater   主演:伊桑·霍克EthanHawke...,所谓爱情，就是话唠一路，都不会心生腻烦，彼此嫌弃。,8.8,2013,https://movie.douban.com/subject/10808442/
步履不停 / 横山家之味(港)  /  步伐不停,日本,剧情 家庭,导演:是枝裕和HirokazuKoreeda   主演:阿部宽HiroshiAbe/夏川结衣Yu...,日本的家庭电影已经是世界巅峰了，步履不停是巅峰中的佳作。,8.8,2008,https://movie.douban.com/subject/2222996/
天使爱美丽 / 艾蜜莉的异想世界(台)  /  天使艾米莉,法国 德国,喜剧 爱情,导演:让-皮埃尔·热内Jean-PierreJeunet   主演:奥黛丽·塔图AudreyTau...,法式小清新。 ,8.7,2001,https://movie.douban.com/subject/1292215/
七宗罪 / 火线追缉令(台)  /  7宗罪,美国,剧情 犯罪 悬疑 惊悚,导演:大卫·芬奇DavidFincher   主演:摩根·弗里曼MorganFreeman/布...,警察抓小偷，老鼠玩死猫。,8.7,1995,https://movie.douban.com/subject/1292223/
剪刀手爱德华 / 幻海奇缘(港)  /  剪刀手爱德华,美国,剧情 奇幻 爱情,导演:TimBurton   主演:约翰尼·德普JohnnyDepp/薇诺娜·瑞德Winona...,浪漫忧郁的成人童话。,8.7,1990,https://movie.douban.com/subject/1292370/
本杰明·巴顿奇事 / 奇幻逆缘(港)  /  返老还童,美国,剧情 爱情 奇幻,导演:大卫·芬奇DavidFincher   主演:凯特·布兰切特CateBlanchett/...,在时间之河里感受溺水之苦。,8.7,2008,https://movie.douban.com/subject/1485260/
西西里的美丽传说 / 真爱伴我行(台)  /  玛莲娜,意大利 美国,剧情 战争 情色,导演:朱塞佩·托纳多雷GiuseppeTornatore   主演:莫妮卡·贝鲁奇Monica...,美丽无罪。,8.7,2000,https://movie.douban.com/subject/1292402/
沉默的羔羊 / 沉默的羔羊,美国,剧情 犯罪 惊悚,导演:乔纳森·戴米JonathanDemme   主演:朱迪·福斯特JodieFoster/安...,安东尼·霍普金斯的顶级表演。,8.7,1991,https://movie.douban.com/subject/1293544/
蝴蝶效应 / 蝴蝶效应,美国 加拿大,剧情 悬疑 科幻 惊悚,导演:埃里克·布雷斯EricBress/J·麦基·格鲁伯J.MackyeGruber   主...,人的命运被自己瞬间的抉择改变。,8.7,2004,https://movie.douban.com/subject/1292343/
让子弹飞 / 让子弹飞一会儿  /  火烧云,中国大陆 香港,剧情 喜剧 动作 西部,导演:姜文WenJiang   主演:姜文WenJiang/葛优YouGe/周润发Yun-F...,你给我翻译翻译，神马叫做TMD的惊喜。,8.7,2010,https://movie.douban.com/subject/3742360/
看不见的客人 / 佈局(台)  /  死无对证(港),西班牙,剧情 犯罪 悬疑 惊悚,导演:奥里奥尔·保罗OriolPaulo   主演:马里奥·卡萨斯MarioCasas/阿...,你以为你以为的就是你以为的。,8.7,2016,https://movie.douban.com/subject/26580232/
阳光灿烂的日子 / In the Heat of the Sun,中国大陆 香港,剧情,导演:姜文WenJiang   主演:夏雨YuXia/宁静JingNing/陶虹HongTao,一场华丽的意淫。,8.7,1994,https://movie.douban.com/subject/1291875/
重庆森林 / Chungking Express,香港,剧情 爱情,导演:王家卫KarWaiWong   主演:林青霞BrigitteLin/金城武TakeshiK...,寂寞没有期限。,8.7,1994,https://movie.douban.com/subject/1291999/
大鱼 / 大鱼奇缘(港)  /  大智若鱼(台),美国,剧情 家庭 奇幻 冒险,导演:蒂姆·波顿TimBurton   主演:伊万·麦克格雷格EwanMcGregor/阿...,抱着梦想而活着的人是幸福的，怀抱梦想而死去的人是不朽的。,8.7,2003,https://movie.douban.com/subject/1291545/
射雕英雄传之东成西就 / 东成西就  /  大英雄 (日本),香港,喜剧 古装,导演:刘镇伟JeffreyLau   主演:梁朝伟TonyLeungChiuWai/林青霞Bri...,百看不厌。 ,8.7,1993,https://movie.douban.com/subject/1316510/
告白 / 自白  /  母亲,日本,剧情 惊悚,导演:中岛哲也TetsuyaNakashima   主演:松隆子TakakoMatsu/冈田将生...,没有一人完全善，也没有一人完全恶。,8.7,2010,https://movie.douban.com/subject/4268598/
哈利·波特与魔法石 / 哈利波特1：神秘的魔法石(港 / 台) ,美国 英国,奇幻 冒险,导演:ChrisColumbus   主演:DanielRadcliffe/EmmaWatson/RupertGrint,童话世界的开端。,8.7,2001,https://movie.douban.com/subject/1295038/
猫鼠游戏 / 逍遥法外  /  神鬼交锋(台),美国 加拿大,传记 犯罪 剧情,导演:史蒂文·斯皮尔伯格StevenSpielberg   主演:莱昂纳多·迪卡普里奥L...,骗子大师和执著警探的你追我跑故事。 ,8.7,2002,https://movie.douban.com/subject/1305487/
爱在黎明破晓前 / 情留半天(港)  /  爱在黎明破晓时(台),美国 奥地利 瑞士,剧情 爱情,导演:理查德·林克莱特RichardLinklater   主演:伊桑·霍克EthanHawke...,缘分是个连绵词，最美不过一瞬。,8.7,1995,https://movie.douban.com/subject/1296339/
爱在日落黄昏时 / 日落巴黎(港)  /  爱在日落巴黎时(台),美国,剧情 爱情,导演:理查德·林克莱特RichardLinklater   主演:伊桑·霍克EthanHawke...,九年后的重逢是世俗和责任的交叠，没了悸动和青涩，沧桑而温暖。,8.7,2004,https://movie.douban.com/subject/1291990/
消失的爱人 / 失踪的女孩  /  失踪女孩,美国,剧情 犯罪 悬疑 惊悚,导演:大卫·芬奇DavidFincher   主演:本·阿弗莱克BenAffleck/罗莎蒙...,年度最佳date movie。,8.7,2014,https://movie.douban.com/subject/21318488/
萤火虫之墓 / 再见萤火虫(港)  /  萤火挽歌,日本,动画 剧情 战争,导演:高畑勋IsaoTakahata   主演:辰己努/白石绫乃/志乃原良子,幸福是生生不息，却难以触及的远。 ,8.7,1988,https://movie.douban.com/subject/1293318/
驯龙高手 / 驯龙记(港),美国,喜剧 动画 奇幻 冒险 家庭,导演:迪恩·德布洛斯DeanDeBlois/克里斯·桑德斯ChrisSanders   主演:...,和谐的生活离不开摸头与被摸头。,8.7,2010,https://movie.douban.com/subject/2353023/
恐怖直播 / 死亡“动”新闻(港)  /  恐怖攻击直播(台),韩国,剧情 犯罪 悬疑,导演:金秉祐Byeong-wooKim   主演:河正宇Jung-wooHa/李璟荣Kyeong-y...,恐怖分子的“秋菊打官司”。,8.7,2013,https://movie.douban.com/subject/21360417/
菊次郎的夏天 / Kikujirô no natsu  /  菊次郎的夏天,日本,剧情 喜剧,导演:北野武TakeshiKitano   主演:北野武TakeshiKitano/关口雄介Yus...,从没见过那么流氓的温柔，从没见过那么温柔的流氓。,8.7,1999,https://movie.douban.com/subject/1293359/
借东西的小人阿莉埃蒂 / 借物少女艾莉缇(台)  /  借东西的小矮人亚莉亚蒂(港),日本,动画 奇幻 冒险,导演:米林宏昌HiromasaYonebayashi   主演:志田未来MiraiShida/神木...,曾经的那段美好会沉淀为一辈子的记忆。,8.7,2010,https://movie.douban.com/subject/4202302/
电锯惊魂 / 夺魂锯(台)  /  恐惧斗室(港),美国,悬疑 惊悚 恐怖,导演:詹姆斯·温JamesWan   主演:雷·沃纳尔LeighWhannell/加利·艾...,真相就在眼前。,8.7,2004,https://movie.douban.com/subject/1417598/
谍影重重3 / 叛谍追击3：最后通牒(港)  /  神鬼认证：最后通牒 (台),美国 德国,动作 悬疑 惊悚,导演:保罗·格林格拉斯PaulGreengrass   主演:马特·达蒙MattDamon/...,像吃了苏打饼一样干脆的电影。,8.7,2007,https://movie.douban.com/subject/1578507/
燃情岁月 / 秋日传奇  /  真爱一世情(台),美国,剧情 爱情 西部 家庭,导演:爱德华·兹威克EdwardZwick   主演:安东尼·霍普金斯AnthonyHopki...,传奇，不是每个人都可以拥有。,8.7,1994,https://movie.douban.com/subject/1295865/
疯狂原始人 / 古鲁家族(港 / 台) ,美国,喜剧 动画 冒险,导演:科克·德·米科KirkDeMicco/克里斯·桑德斯ChrisSanders   主演...,老少皆宜，这就是好莱坞动画的魅力。,8.7,2013,https://movie.douban.com/subject/1907966/
7号房的礼物 / 戆爸的礼物(港)  /  7号囚房的礼物,韩国,剧情 喜剧 家庭,导演:李焕庆Hwan-kyeongLee   主演:柳承龙Seung-yongRyoo/朴信惠Shi...,《我是山姆》的《美丽人生》。,8.7,2013,https://movie.douban.com/subject/10777687/
纵横四海 / Once a Thief,香港,剧情 喜剧 动作 犯罪,导演:吴宇森JohnWoo   主演:周润发Yun-FatChow/张国荣LeslieCheung...,香港浪漫主义警匪动作片的巅峰之作。,8.7,1991,https://movie.douban.com/subject/1295409/
萤火之森 / 萤火之社  /  Hotarubi no mori e,日本,剧情 爱情 动画 奇幻,导演:大森贵弘TakahiroOmori   主演:佐仓绫音AyaneSakura/内山昂辉K...,触不到的恋人。,8.7,2011,https://movie.douban.com/subject/5989818/
浪潮 / 恶魔教室(台)  /  白恤暴潮(港),德国,剧情 惊悚,导演:丹尼斯·甘塞尔DennisGansel   主演:尤尔根·沃格尔JürgenVogel...,世界离独裁只有五天。,8.7,2008,https://movie.douban.com/subject/2297265/
罗生门 / Rashomon,日本,犯罪 剧情 悬疑,导演:黑泽明AkiraKurosawa   主演:三船敏郎ToshirôMifune/千秋实...,人生的N种可能性。,8.7,1950,https://movie.douban.com/subject/1291879/
一次别离 / 分居风暴(台)  /  伊朗式分居(港),伊朗 法国,剧情 家庭,导演:阿斯哈·法哈蒂AsgharFarhadi   主演:佩曼·莫阿迪PeymanMoadi/...,只有有信仰的人才能说出事实真相。,8.7,2011,https://movie.douban.com/subject/5964718/
可可西里 / Kekexili: Mountain Patrol,中国大陆 香港,剧情 犯罪,导演:陆川ChuanLu   主演:多布杰Duobujie/张磊LeiZhang/亓亮QiL...,坚硬的信仰。,8.7,2004,https://movie.douban.com/subject/1308857/
梦之安魂曲 / 噩梦挽歌(台)  /  迷上瘾(港),美国,剧情,导演:达伦·阿伦诺夫斯基DarrenAronofsky   主演:艾伦·伯斯汀EllenBur...,一场没有春天的噩梦。,8.7,2000,https://movie.douban.com/subject/1292270/
碧海蓝天 / 碧海情深  /  夜海倾情,法国 美国 意大利,剧情 爱情,导演:LucBesson   主演:让-马克·巴尔Jean-MarcBarr/让·雷诺JeanRe...,在那片深蓝中，感受来自大海的忧伤寂寞与美丽自由。,8.7,1988,https://movie.douban.com/subject/1300960/
牯岭街少年杀人事件 / A Brighter Summer Day,台湾,剧情 犯罪,导演:杨德昌EdwardYang   主演:张震ChenChang/杨静怡LisaYang/张...,弱者送给弱者的一刀。,8.7,1991,https://movie.douban.com/subject/1292329/
绿里奇迹 / 绿色奇迹(台)  /  绿色英里,美国,犯罪 剧情 奇幻 悬疑,导演:FrankDarabont   主演:汤姆·汉克斯TomHanks/大卫·摩斯DavidM...,天使暂时离开。,8.7,1999,https://movie.douban.com/subject/1300374/
末路狂花 / 塞尔玛与路易丝  /  末路狂花,美国 法国,犯罪 剧情 惊悚,导演:雷德利·斯科特RidleyScott   主演:吉娜·戴维斯GeenaDavis/苏...,没有了退路，只好飞向自由。,8.7,1991,https://movie.douban.com/subject/1291992/
头脑特工队 / 玩转脑朋友(港)  /  脑筋急转弯(台),美国,喜剧 动画 冒险,导演:彼特·道格特PeteDocter/罗纳尔多·德尔·卡门RonaldoDelCarmen  &nb...,愿我们都不用长大，每一座城堡都能永远存在。,8.7,2015,https://movie.douban.com/subject/10533913/
一个叫欧维的男人决定去死 / 明天别再来敲门(台)  /  想死冇咁易(港),瑞典,剧情,导演:汉内斯·赫尔姆HannesHolm   主演:罗夫·拉斯加德RolfLassgård...,惠及一生的美丽。,8.7,2015,https://movie.douban.com/subject/26628357/
千钧一发 / 变种异煞  /  自然人,美国,剧情 科幻,导演:安德鲁·尼科尔AndrewNiccol   主演:伊桑·霍克EthanHawke/乌玛...,一部能引人思考的科幻励志片。,8.7,1997,https://movie.douban.com/subject/1300117/
血战钢锯岭 / 钢锯岭  /  钢铁英雄(台),美国 澳大利亚,剧情 传记 历史 战争,导演:梅尔·吉布森MelGibson   主演:安德鲁·加菲尔德AndrewGarfield/...,,8.7,2016,https://movie.douban.com/subject/26325320/
禁闭岛 / 不赦岛(港)  /  隔离岛(台),美国,剧情 悬疑 惊悚,导演:MartinScorsese   主演:莱昂纳多·迪卡普里奥LeonardoDiCaprio/...,昔日翩翩少年，今日大腹便便。,8.6,2010,https://movie.douban.com/subject/2334904/
致命ID / 杀人游戏  /  致命身份,美国,剧情 悬疑 惊悚,导演:JamesMangold   主演:JohnCusack/RayLiotta/AmandaPeet,最不可能的那个人永远是最可能的。,8.6,2003,https://movie.douban.com/subject/1297192/
断背山 / 断臂山,美国 加拿大,剧情 爱情 同性 家庭,导演:李安AngLee   主演:希斯·莱杰HeathLedger/杰克·吉伦哈尔Jake...,每个人心中都有一座断背山。,8.6,2005,https://movie.douban.com/subject/1418834/
加勒比海盗 / 加勒比海盗1：黑珍珠号的诅咒  /  神鬼奇航：鬼盗船魔咒(台),美国,动作 冒险 奇幻,导演:戈尔·维宾斯基GoreVerbinski   主演:约翰尼·德普JohnnyDepp/...,约翰尼·德普的独角戏。,8.6,2003,https://movie.douban.com/subject/1298070/
阿凡达 / 天神下凡  /  化身,美国 英国,动作 科幻 冒险,导演:詹姆斯·卡梅隆JamesCameron   主演:萨姆·沃辛顿SamWorthington...,绝对意义上的美轮美奂。,8.6,2009,https://movie.douban.com/subject/1652587/
倩女幽魂 / 倩女幽魂(87版)  /  A Chinese Ghost Story,香港,剧情 爱情 武侠 古装,导演:程小东Siu-TungChing   主演:张国荣LeslieCheung/王祖贤JoeyW...,两张绝世的脸。 ,8.6,1987,https://movie.douban.com/subject/1297447/
幸福终点站 / 机场客运站(港)  /  航站情缘(台),美国,喜剧 剧情 爱情,导演:史蒂文·斯皮尔伯格StevenSpielberg   主演:汤姆·汉克斯TomHanks...,有时候幸福需要等一等。 ,8.6,2004,https://movie.douban.com/subject/1292274/
岁月神偷 / 1969太空漫游  /  Echoes Of The Rainbow,香港 中国大陆,剧情 家庭,导演:罗启锐AlexLaw   主演:吴君如SandraNg/任达华SimonYam/钟绍...,岁月流逝，来日可追。,8.6,2010,https://movie.douban.com/subject/3792799/
杀人回忆 / 谋杀回忆  /  杀手回忆录,韩国,犯罪 剧情 悬疑 惊悚,导演:奉俊昊Joon-hoBong   主演:宋康昊Kang-hoSong/金相庆Sang-kyun...,关于连环杀人悬案的集体回忆。,8.6,2003,https://movie.douban.com/subject/1300299/
雨人 / 手足情未了  /  手足情深,美国,剧情,导演:巴瑞·莱文森BarryLevinson   主演:达斯汀·霍夫曼DustinHoffman...,生活在自己的世界里，也可以让周围的人显得可笑和渺小。,8.6,1988,https://movie.douban.com/subject/1291870/
东邪西毒 / Ashes of Time,香港 台湾,剧情 动作 爱情 武侠 古装,导演:王家卫KarWaiWong   主演:张国荣LeslieCheung/张曼玉MaggieC...,电影诗。,8.6,1994,https://movie.douban.com/subject/1292328/
怪兽电力公司 / 怪兽公司(港)  /  怪物公司,美国,喜剧 动画 儿童 奇幻,导演:彼特·道格特PeteDocter/大卫·斯沃曼DavidSilverman   主演:约...,不要给它起名字，起了名字就有感情了。,8.6,2001,https://movie.douban.com/subject/1291579/
英雄本色 / A Better Tomorrow  /  Gangland Boss,香港,动作 犯罪,导演:吴宇森JohnWoo   主演:周润发Yun-FatChow/狄龙LungTi/张国...,英雄泪短，兄弟情长。 ,8.6,1986,https://movie.douban.com/subject/1297574/
穿越时空的少女 / 跳跃吧！时空少女(台)  /  Toki o kakeru shôjo,日本,剧情 爱情 科幻 动画,导演:细田守MamoruHosoda   主演:仲里依纱RiisaNaka/石田卓也Takuya...,爱上未来的你。 ,8.6,2006,https://movie.douban.com/subject/1937946/
海边的曼彻斯特 / 情系海边之城(港)  /  海曼,美国,剧情 家庭,导演:肯尼斯·罗纳根KennethLonergan   主演:卡西·阿弗莱克CaseyAffle...,我们都有权利不与自己的过去和解。,8.6,2016,https://movie.douban.com/subject/25980443/
哈利·波特与死亡圣器(下) / 哈利波特7：死神的圣物2(港 / 台) ,美国 英国,剧情 悬疑 奇幻 冒险,导演:大卫·叶茨DavidYates   主演:丹尼尔·雷德克里夫DanielRadcliffe...,10年的完美句点。,8.6,2011,https://movie.douban.com/subject/3011235/
人工智能 / AI人工智慧,美国,冒险 剧情 科幻,导演:史蒂文·斯皮尔伯格StevenSpielberg   主演:海利·乔·奥斯蒙Haley...,对爱的执着，可以超越一切。,8.6,2001,https://movie.douban.com/subject/1302827/
时空恋旅人 / 时空旅恋人  /  回到最爱的一天(港),英国,剧情 爱情 奇幻,导演:理查德·柯蒂斯RichardCurtis   主演:多姆纳尔·格利森DomhnallGl...,把每天当作最后一天般珍惜度过，积极拥抱生活，就是幸福。,8.6,2013,https://movie.douban.com/subject/10577869/
超能陆战队 / 大英雄联盟(港)  /  大英雄天团(台),美国,喜剧 动作 科幻 动画 冒险,导演:唐·霍尔DonHall/克里斯·威廉姆斯ChrisWilliams   主演:斯科特...,Balalala~~~,8.6,2014,https://movie.douban.com/subject/11026735/
蝙蝠侠：黑暗骑士崛起 / 蝙蝠侠前传3：黑暗骑士崛起  /  黑暗骑士：黎明升起(台),美国 英国,剧情 动作 科幻 犯罪 惊悚,导演:克里斯托弗·诺兰ChristopherNolan   主演:克里斯蒂安·贝尔Christ...,诺兰就是保证。,8.6,2012,https://movie.douban.com/subject/3395373/
心迷宫 / 殡棺  /  The Coffin in the Mountain,中国大陆,剧情 犯罪 悬疑,导演:忻钰坤YukunXin   主演:霍卫民WeiminHuo/王笑天XiaotianWang...,荒诞讽刺，千奇百巧，抽丝剥茧，百转千回。,8.6,2014,https://movie.douban.com/subject/25917973/
撞车 / 冲击效应  /  冲撞,美国 德国,犯罪 剧情,导演:保罗·哈吉斯PaulHaggis   主演:桑德拉·布洛克SandraBullock/...,天使与魔鬼的冲撞。,8.6,2004,https://movie.douban.com/subject/1388216/
爆裂鼓手 / 鼓动真我(港)  /  进击的鼓手(台),美国,剧情 音乐,导演:达米安·沙泽勒DamienChazelle   主演:迈尔斯·特勒MilesTeller/...,这个世界从不善待努力的人，努力了也不一定会成功，但是知道自己在努力，就是活下去的动力。,8.6,2014,https://movie.douban.com/subject/25773932/
达拉斯买家俱乐部 / 续命枭雄(港)  /  药命俱乐部(台),美国,剧情 传记 同性,导演:让-马克·瓦雷Jean-MarcVallée   主演:马修·麦康纳MatthewMcCon...,Jared Leto的腿比女人还美！,8.6,2013,https://movie.douban.com/subject/1793929/
海盗电台 / 出位乐人谷(港)  /  海盗电波,英国 德国 法国,剧情 喜剧 音乐,导演:理查德·柯蒂斯RichardCurtis   主演:比尔·奈伊BillNighy/肯尼...,生命不止，摇滚不死。,8.6,2009,https://movie.douban.com/subject/3007773/
终结者2：审判日 / 终结者2  /  终结者2：末日审判,美国 法国,动作 科幻,导演:詹姆斯·卡梅隆JamesCameron   主演:阿诺·施瓦辛格ArnoldSchwarz...,少见的超越首部的续集，动作片中的经典。,8.6,1991,https://movie.douban.com/subject/1291844/
卡萨布兰卡 / 北非谍影(港)  /  卡萨布兰卡,美国,剧情 爱情 战争,导演:MichaelCurtiz   主演:亨弗莱·鲍嘉HumphreyBogart/英格丽·褒曼...,与同名歌曲无关。,8.6,1942,https://movie.douban.com/subject/1296753/
荒野生存 / 浪荡天涯(港)  /  阿拉斯加之死(台),美国,冒险 传记 剧情,导演:西恩·潘SeanPenn   主演:埃米尔·赫斯基EmileHirsch/马西娅·...,出门必备：本草纲目。,8.6,2007,https://movie.douban.com/subject/1905462/
燕尾蝶 / Swallowtail Butterfly  /  Suwarôteiru,日本,犯罪 剧情,导演:岩井俊二ShunjiIwai   主演:恰拉Chara/伊藤步AyumiIto/三上...,现实与童话交相辉映的旅程。,8.6,1996,https://movie.douban.com/subject/1307793/
叫我第一名 / 开放有爱  /  站在教室前,美国,剧情 传记,导演:彼得·维纳PeterWerner   主演:詹姆斯·沃克JamesWolk/特里特·...,乐观比一切都有力量。,8.6,2008,https://movie.douban.com/subject/4798888/
非常嫌疑犯 / 刺激惊爆点(台)  /  普通嫌疑犯,德国 美国,剧情 犯罪 悬疑 惊悚,导演:布莱恩·辛格BryanSinger   主演:史蒂芬·鲍德温StephenBaldwin/...,我不信仰上帝，但我敬畏上帝。,8.6,1995,https://movie.douban.com/subject/1292214/
上帝也疯狂 / 众神也疯狂 (上)  /  上帝一定发疯了 (上),博茨瓦纳 南非,喜剧,导演:JamieUys   主演:MariusWeyers/SandraPrinsloo/N!xau,纯净原始的笑与感动。,8.6,1980,https://movie.douban.com/subject/1297478/
无敌破坏王 / 破坏王拉尔夫  /  破坏王大冒险,美国,喜剧 动画 奇幻 冒险,导演:瑞奇·莫尔RichMoore   主演:约翰·C·赖利JohnC.Reilly/萨拉...,迪士尼和皮克斯拿错剧本的产物。,8.6,2012,https://movie.douban.com/subject/6534248/
枪火 / The Mission,香港,剧情 动作 犯罪,导演:杜琪峰JohnnieTo   主演:吴镇宇FrancisNg/任达华SimonYam/...,一群演技精湛的戏骨，奉献出一个精致的黑帮小品，成就杜琪峰群戏的巅峰之作。,8.6,1999,https://movie.douban.com/subject/1300741/
大卫·戈尔的一生 / 铁案悬谜  /  命悬一线,美国 德国 英国,剧情 犯罪 悬疑,导演:AlanParker   主演:凯文·史派西KevinSpacey/凯特·温丝莱特Kat...,捍卫人权只是信仰，一点不妨碍其行为的残忍。,8.6,2003,https://movie.douban.com/subject/1305725/
蝴蝶 / The Butterfly,法国,剧情 儿童 喜剧,导演:菲利普·穆伊尔PhilippeMuyl   主演:米歇尔·塞罗MichelSerrault...,我们长途跋涉寻找的东西，有可能一直就在身边。 ,8.6,2002,https://movie.douban.com/subject/1292056/
巴黎淘气帮 / 小淘气尼古拉(台)  /  反斗小尼哥(港),法国 比利时,儿童 喜剧 家庭,导演:LaurentTirard   主演:马克西姆·戈达尔MaximeGodart/瓦莱丽·勒...,四百击的反面。,8.6,2009,https://movie.douban.com/subject/3157605/
神偷奶爸 / 卑鄙的我  /  坏蛋奖门人(港),美国 法国,喜剧 动画 冒险,导演:皮艾尔·柯芬PierreCoffin/克里斯·雷纳德ChrisRenaud   主演:...,Mr. I Don't Care其实也有Care的时候。,8.5,2010,https://movie.douban.com/subject/3287562/
真爱至上 / 爱是您，爱是我(台)  /  真的恋爱了(港),英国 美国 法国,喜剧 剧情 爱情,导演:理查德·柯蒂斯RichardCurtis   主演:休·格兰特HughGrant/柯林...,爱，是个动词。,8.5,2003,https://movie.douban.com/subject/1292401/
喜剧之王 / King of Comedy,香港,喜剧 剧情 爱情,导演:周星驰StephenChow/李力持Lik-ChiLee   主演:周星驰StephenCh...,我是一个演员。,8.5,1999,https://movie.douban.com/subject/1302425/
贫民窟的百万富翁 / 贫民百万富翁(台)  /  一百万零一夜(港),英国 美国,剧情 爱情,导演:丹尼·鲍尔DannyBoyle/洛芙琳·坦丹LoveleenTandan   主演:戴夫...,上帝之城+猜火车+阿甘正传+开心辞典=山寨富翁,8.5,2008,https://movie.douban.com/subject/2209573/
记忆碎片 / 失忆  /  记忆拼图,美国,犯罪 剧情 悬疑 惊悚,导演:克里斯托弗·诺兰ChristopherNolan   主演:盖·皮尔斯GuyPearce/...,一个针管引发的血案。,8.5,2000,https://movie.douban.com/subject/1304447/
黑天鹅 / 夺命黑天鹅  /  霸王别鹅(豆友译名),美国,剧情 惊悚,导演:达伦·阿罗诺夫斯基DarrenAronofsky   主演:娜塔莉·波特曼Natalie...,黑暗之美。,8.5,2010,https://movie.douban.com/subject/1978709/
恋恋笔记本 / 深情日记  /  写我情真,美国,剧情 爱情,导演:尼克·卡索维茨NickCassavetes   主演:瑞恩·高斯林RyanGosling/...,爱情没有那么多借口，如果不能圆满，只能说明爱的不够。 ,8.5,2004,https://movie.douban.com/subject/1309163/
猜火车 / 迷幻列车(港)  /  定位的火车,英国,犯罪 剧情,导演:丹尼·博伊尔DannyBoyle   主演:伊万·麦克格雷格EwanMcGregor/...,不可猜的青春迷笛。 ,8.5,1996,https://movie.douban.com/subject/1292528/
花样年华 / In the Mood for Love,香港 法国,剧情 爱情,导演:王家卫KarWaiWong   主演:梁朝伟TonyLeungChiuWai/张曼玉Ma...,偷情本没有这样美。,8.5,2000,https://movie.douban.com/subject/1291557/
朗读者 / 为爱朗读(台)  /  读爱(港),美国 德国,剧情 爱情,导演:史蒂芬·戴德利StephenDaldry   主演:凯特·温丝莱特KateWinslet...,当爱情跨越年龄的界限，它似乎能变得更久远一点，成为一种责任，一种水到渠成的相濡以沫。 ,8.5,2008,https://movie.douban.com/subject/2213597/
战争之王 / 军火之王(台 / 港) ,美国 法国,剧情 犯罪,导演:安德鲁·尼科尔AndrewNiccol   主演:尼古拉斯·凯奇NicolasCage/...,做一颗让别人需要你的棋子。,8.5,2005,https://movie.douban.com/subject/1419936/
阿飞正传 / Days of Being Wild,香港,犯罪 剧情 爱情,导演:王家卫KarWaiWong   主演:张国荣LeslieCheung/张曼玉MaggieC...,王家卫是一种风格，张国荣是一个代表。,8.5,1990,https://movie.douban.com/subject/1305690/
被解救的姜戈 / 被解放的姜戈  /  决杀令(台),美国,剧情 动作 西部 冒险,导演:昆汀·塔伦蒂诺QuentinTarantino   主演:杰米·福克斯JamieFoxx/...,热血沸腾，那个低俗、性感的无耻混蛋又来了。,8.5,2012,https://movie.douban.com/subject/6307447/
谍影重重2 / 叛谍追击2：机密圈套(港)  /  神鬼认证：神鬼疑云(台),美国 德国,动作 悬疑 惊悚,导演:保罗·格林格拉斯PaulGreengrass   主演:马特·达蒙MattDamon/...,谁说王家卫镜头很晃？,8.5,2004,https://movie.douban.com/subject/1308767/
谍影重重 / 叛谍追击(港)  /  神鬼认证(台),美国 德国 捷克,动作 悬疑 惊悚,导演:道格·里曼DougLiman   主演:马特·达蒙MattDamon/弗兰卡·波坦...,哗啦啦啦啦，天在下雨，哗啦啦啦啦，云在哭泣……找自己。,8.5,2002,https://movie.douban.com/subject/1304102/
魔女宅急便 / 魔女琪琪(台)  /  小魔女限时专送,日本,动画 奇幻 冒险,导演:宫崎骏HayaoMiyazaki   主演:高山南MinamiTakayama/佐久间玲Re...,宫崎骏的电影总让人感觉世界是美好的，阳光明媚的。,8.5,1989,https://movie.douban.com/subject/1307811/
再次出发之纽约遇见你 / 再次出发  /  歌曲改变人生,美国,喜剧 爱情 音乐,导演:约翰·卡尼JohnCarney   主演:凯拉·奈特莉KeiraKnightley/马克...,爱我就给我看你的播放列表。,8.5,2013,https://movie.douban.com/subject/6874403/
勇闯夺命岛 / 石破天惊  /  绝地任务,美国,动作 冒险,导演:迈克尔·贝MichaelBay   主演:肖恩·康纳利SeanConnery/尼古拉...,类型片的极致。 ,8.5,1996,https://movie.douban.com/subject/1292728/
这个男人来自地球 / 地球不死人(港)  /  这个人来自洞穴,美国,剧情 科幻,导演:理查德·沙因克曼RichardSchenkman   主演:大卫·李·史密斯David...,科幻真正的魅力不是视觉效果能取代的。 ,8.5,2007,https://movie.douban.com/subject/2300586/
新龙门客栈 / New Dragon Gate Inn,香港 中国大陆,剧情 动作 武侠 古装,导演:李惠民RaymondLee   主演:张曼玉MaggieCheung/林青霞Brigitte...,嬉笑怒骂，调风动月。,8.5,1992,https://movie.douban.com/subject/1292287/
黑客帝国3：矩阵革命 / 骇客任务完结篇：最后战役  /  廿二世纪杀人网络3：惊变世纪,美国 澳大利亚,动作 科幻,导演:AndyWachowski/LarryWachowski   主演:KeanuReeves/LaurenceF...,不得不说，《黑客帝国》系列是商业片与科幻、哲学完美结合的典范。,8.5,2003,https://movie.douban.com/subject/1302467/
模仿游戏 / 解码游戏(港)  /  模拟游戏,英国 美国,剧情 传记 战争 同性,导演:莫腾·泰杜姆MortenTyldum   主演:本尼迪克特·康伯巴奇BenedictC...,他给机器起名“克里斯托弗”，因为这是他初恋的名字。,8.5,2014,https://movie.douban.com/subject/10463953/
E.T. 外星人 / 外星人E.T.  /  外星人,美国,剧情 科幻,导演:StevenSpielberg   主演:HenryThomas/DeeWallace/RobertMacNa...,生病的E.T.皮肤的颜色就像柿子饼。,8.5,1982,https://movie.douban.com/subject/1294638/
血钻 / 血腥钻石  /  滴血钻石,美国 德国,剧情 惊悚 冒险,导演:爱德华·兹威克EdwardZwick   主演:莱昂纳多·迪卡普里奥Leonardo...,每个美丽事物背后都是滴血的现实。,8.5,2006,https://movie.douban.com/subject/1428175/
遗愿清单 / 玩转身前事(港)  /  一路玩到挂(台),美国,冒险 喜剧 剧情,导演:罗伯·莱纳RobReiner   主演:杰克·尼科尔森JackNicholson/摩根...,用剩余不多的时间，去燃烧整个生命。,8.5,2007,https://movie.douban.com/subject/1867345/
荒岛余生 / 浩劫重生(台)  /  劫后重生(港),美国,冒险 剧情,导演:罗伯特·泽米吉斯RobertZemeckis   主演:汤姆·汉克斯TomHanks/...,一个人的独角戏。,8.5,2000,https://movie.douban.com/subject/1298653/
麦兜故事 / 麦兜的故事  /  My Life as McDull,香港,剧情 喜剧 动画,导演:袁建滔ToeYuen   主演:李晋纬/林海峰JanLamb/吴君如SandraNg,麦兜是一只很哲学的猪。 ,8.5,2001,https://movie.douban.com/subject/1302476/
月球 / 月劫余生(港)  /  寂寞月影,英国,剧情 科幻 悬疑,导演:邓肯·琼斯DuncanJones   主演:山姆·洛克威尔SamRockwell/凯文...,2009媲美《第九区》的又一部科幻神作。,8.5,2009,https://movie.douban.com/subject/3073124/
傲慢与偏见 / 傲慢与偏见2005  /  Pride And Prejudice,法国 英国 美国,剧情 爱情,导演:乔·怀特JoeWright   主演:凯拉·奈特莉KeiraKnightley/马修·...,爱是摈弃傲慢与偏见之后的曙光。,8.4,2005,https://movie.douban.com/subject/1418200/
唐伯虎点秋香 / Flirting Scholar,香港,喜剧 爱情 古装,导演:李力持Lik-ChiLee   主演:周星驰StephenChow/巩俐LiGong/陈...,华太师是黄霑，吴镇宇四大才子之一。,8.4,1993,https://movie.douban.com/subject/1306249/
冰川时代 / 冰河世纪  /  冰原历险记,美国,喜剧 动画 冒险,导演:卡洛斯·沙尔丹哈CarlosSaldanha/克里斯·韦奇ChrisWedge   主演...,松鼠才是角儿。,8.4,2002,https://movie.douban.com/subject/1291578/
香水 / 香水：一个杀人犯的故事  /  香水：一个谋杀犯的故事,德国 法国 西班牙 美国,剧情 犯罪 奇幻,导演:汤姆·提克威TomTykwer   主演:本·卫肖BenWhishaw/艾伦·瑞克...,一个单凭体香达到高潮的男人。,8.4,2006,https://movie.douban.com/subject/1760622/
青蛇 / Green Snake,香港,剧情 奇幻 古装,导演:徐克HarkTsui   主演:张曼玉MaggieCheung/王祖贤JoeyWang/...,人生如此，浮生如斯。谁人言，花彼岸，此生情长意短。谁都是不懂爱的罢了。,8.4,1993,https://movie.douban.com/subject/1303394/
变脸 / 夺面双雄,美国,动作 科幻 犯罪 惊悚,导演:吴宇森JohnWoo   主演:约翰·特拉沃尔塔JohnTravolta/尼古拉斯...,当发哥的风衣、墨镜出现在了凯奇身上⋯⋯,8.4,1997,https://movie.douban.com/subject/1292659/
美国丽人 / 美丽有罪(港)  /  美国心·玫瑰情(台),美国,剧情 爱情 家庭,导演:萨姆·门德斯SamMendes   主演:凯文·史派西KevinSpacey/安妮特...,每个人的内心都是深不可测的大海。 ,8.4,1999,https://movie.douban.com/subject/1292062/
发条橙 / 发条桔子  /  发条橙子,英国 美国,犯罪 剧情 科幻,导演:StanleyKubrick   主演:MalcolmMcDowell/PatrickMagee/Michael...,我完全康复了。,8.4,1971,https://movie.douban.com/subject/1292233/
英国病人 / 英伦情人(台)  /  别问我是谁(港),美国 英国,爱情 剧情 战争,导演:安东尼·明格拉AnthonyMinghella   主演:拉尔夫·费因斯RalphFien...,"In memory, love lives forever...",8.4,1996,https://movie.douban.com/subject/1291853/
无耻混蛋 / 恶棍特工(台)  /  希魔撞正杀人狂(港),美国 德国,剧情 犯罪,导演:QuentinTarantino   主演:布拉德·皮特BradPitt/梅拉尼·罗兰M...,昆汀同学越来越变态了，比北野武还杜琪峰。,8.4,2009,https://movie.douban.com/subject/1438652/
你的名字。 / 你的名字  /  君之名,日本,剧情 爱情 动画,导演:新海诚MakotoShinkai   主演:神木隆之介RyûnosukeKamiki/上...,,8.4,2016,https://movie.douban.com/subject/26683290/
彗星来的那一夜 / 相干性  /  相干效应,美国 英国,科幻 悬疑 惊悚,导演:詹姆斯·沃德·布柯特JamesWardByrkit   主演:艾米丽·芭尔多尼Em...,小成本大魅力。,8.4,2013,https://movie.douban.com/subject/25807345/
暖暖内含光 / 暧暧内含光  /  美丽心灵的永恒阳光,美国,剧情 爱情 奇幻,导演:米歇尔·冈瑞MichelGondry   主演:金·凯瑞JimCarrey/凯特·温...,恋爱是一次神经的冒险。就算失去记忆，也会爱上你。,8.4,2004,https://movie.douban.com/subject/1308777/
恐怖游轮 / 汪洋血迷宮(台)  /  轮回三角,英国 澳大利亚,剧情 悬疑 惊悚,导演:克里斯托弗·史密斯ChristopherSmith   主演:梅利莎·乔治Melissa...,不要企图在重复中寻找已经失去的爱。,8.3,2009,https://movie.douban.com/subject/3011051/
秒速5厘米 / 秒速五厘米  /  秒速5公分,日本,动画 剧情 爱情,导演:新海诚MakotoShinkai   主演:水桥研二KenjiMizuhashi/近藤好美...,青春就是放弃和怀念。,8.3,2007,https://movie.douban.com/subject/2043546/
源代码 / 启动原始码(台)  /  危机解密(港),美国 加拿大,爱情 科幻 悬疑 惊悚,导演:邓肯·琼斯DuncanJones   主演:杰克·吉伦哈尔JakeGyllenhaal/...,邓肯·琼斯继《月球》之后再度奉献出一部精彩绝伦的科幻佳作。,8.3,2011,https://movie.douban.com/subject/3075287/
初恋这件小事 / 初恋那件小事(港)  /  暗恋那点小事,泰国,剧情 喜剧 爱情,导演:普特鹏·普罗萨卡·那·萨克那卡林PuttipongPromsakaNaSakolnakorn/华森·波克彭...,黑小鸭速效美白记。,8.3,2010,https://movie.douban.com/subject/4739952/
穆赫兰道 / 穆荷兰大道(台)  /  失忆大道(港),法国 美国,剧情 悬疑 惊悚,导演:大卫·林奇DavidLynch   主演:娜奥米·沃茨NaomiWatts/劳拉·哈...,大卫·林奇的梦境迷宫。,8.3,2001,https://movie.douban.com/subject/1292217/
国王的演讲 / 皇上无话儿(港)  /  王者之声：宣战时刻(台),英国 澳大利亚 美国,剧情 传记 历史,导演:汤姆·霍珀TomHooper   主演:柯林·菲尔斯ColinFirth/杰弗里·...,皇上无话儿。,8.3,2010,https://movie.douban.com/subject/4023638/
蓝色大门 / 蓝色夏恋  /  Blue Gate Crossing,台湾 法国,剧情 爱情 同性,导演:易智言Chih-yenYee   主演:陈柏霖Bo-linChen/桂纶镁LunmeiKwa...,青春的窃窃私语。 ,8.3,2002,https://movie.douban.com/subject/1308575/
曾经 / 一奏倾情(港)  /  曾经。爱是唯一(台),爱尔兰,剧情 音乐 爱情,导演:约翰·卡尼JohnCarney   主演:格伦·汉塞德GlenHansard/玛可塔...,有些幸福无关爱情。,8.3,2007,https://movie.douban.com/subject/2053515/
疯狂的石头 / Crazy Stone,中国大陆 香港,喜剧 犯罪,导演:宁浩HaoNing   主演:郭涛TaoGuo/刘桦HuaLiu/连晋TeddyLin,中国版《两杆大烟枪》。,8.2,2006,https://movie.douban.com/subject/1862151/
